{"nb_steps": [177, 335, 504, 636, 907, 1117, 1385, 1600, 1815, 1945, 2155, 2323, 2542, 2736, 2913, 3107, 3336, 3458, 3583, 3762, 3888, 4068, 4198, 4380, 4523, 4658, 4857, 4995, 5149, 5334, 5517, 5654, 5787, 5971, 6111, 6334, 6465, 6600, 6767, 6988, 7173, 7351, 7494, 7719, 7861, 8256, 8511, 8768, 8947, 9075, 9237, 9437, 9568, 9712, 9855, 9990, 10223, 10441, 10643, 10850, 10984, 11115, 11263, 11392, 11581, 11815, 11951, 12178, 12317, 12460, 12623, 12825, 13007, 13220, 13366, 13511, 13711, 13960, 14107, 14330, 14463, 14682, 14809, 14936, 15120, 15252, 15433, 15651, 15842, 16055, 16241, 16400, 16585, 16793, 17030, 17207, 17346, 17479, 17638, 17771, 17979, 18322, 18526, 18721, 18853, 19072, 19228, 19385, 19574, 19732, 19896, 20033, 20212, 20400, 20583, 20714, 20966, 21099, 21270, 21459, 21591, 21734, 21942, 22080, 22275, 22502, 22733, 22910, 23040, 23216, 23499, 23771, 23989, 24159, 24367, 24619, 24762, 24922, 25170, 25346, 25495, 25644, 25816, 25999, 26134, 26270, 26408, 26546, 26692, 26836, 27037, 27236, 27427, 27635, 27788, 28048, 28195, 28409, 28619, 28827, 29022, 29164, 29295, 29434, 29560, 29719, 29887, 30108, 30370, 30567, 30713, 30906, 31044, 31182, 31336, 31484, 31619, 31875, 32167, 32456, 32611, 32738, 32871, 33010, 33287, 33494, 33633, 33894, 34103, 34244, 34377, 34508, 34712, 34848, 35002, 35161, 35343, 35472, 35659, 35840, 35973], "duration": [7.1468587691669505, 5.727608319594925, 5.461533954715641, 4.683036861698604, 9.307945183217978, 4.443674665948208, 5.69741717931776, 4.4480683905428435, 3.956542582649618, 2.6082396234927856, 3.8150064041294343, 2.8976429810099944, 3.921006613680248, 3.6358969095531677, 3.453144224416093, 4.949849786279557, 4.425490359593468, 2.4601988166793944, 2.593321743890428, 3.9892983682834284, 2.4768722189079, 3.461001952243791, 2.1725488435147327, 3.832301616321004, 2.7832671537653937, 2.659858403522165, 3.8839319430278465, 2.8183904359298424, 2.997384463731663, 3.487791954531744, 3.369711782101362, 2.8715419304761554, 2.658167456758747, 5.275594814258852, 3.650578723750016, 6.843037460415189, 2.968526750871888, 2.652826476959035, 2.9178526601192516, 5.3176546559838584, 3.95083082620755, 3.513656939660052, 3.562859898175418, 4.458169595032359, 2.9328911383527156, 7.0766575362384, 5.270459108724793, 4.92092151039094, 3.864939796906782, 2.5301592800005324, 3.753383924886748, 5.510269486621894, 2.721776819831206, 3.0139051932250993, 2.811762215422533, 7.799820812672266, 5.780877419189295, 7.1724872612350055, 8.63828279523679, 4.623769904654381, 3.7639812088515896, 2.992512193505206, 4.017626644599659, 3.270045138955709, 4.353408728860472, 4.298595368071744, 3.1741923206041633, 4.90868203230076, 3.0208344826554026, 3.4561318202909774, 6.490899293728205, 6.3872174004152384, 5.059658688767854, 6.884159027684234, 2.583464730246078, 3.9214287088890387, 3.5454026048449236, 5.4835218221512605, 2.801096506702436, 4.648623486369559, 3.1835288784541262, 4.63766825540398, 2.3743458486487157, 2.5768929601618424, 4.246578441497888, 3.300354311935621, 4.125440537818577, 4.186395875697883, 3.8693215471692497, 4.96537279731092, 3.83641266114563, 3.121289721104972, 4.527329061062687, 3.8865838299473694, 4.404432213519442, 3.6969754119918434, 2.7315632704467134, 2.8313440974026776, 4.1522916947315025, 3.953656340943496, 4.046488206351967, 12.57477521398772, 9.562463034595169, 4.496076481770103, 3.689470926962997, 4.61800768495533, 3.457522125786056, 4.530042957916692, 4.849208090372031, 3.432222072543084, 3.9169994889526265, 3.927275176567946, 3.863828322289123, 3.7298731789927615, 3.606223231487377, 2.542243091772548, 4.9111923655079295, 2.532844523988217, 4.0312401773056195, 3.555998605845616, 2.9524969689971385, 3.2102799641625097, 4.0588324598485315, 2.6899092730510574, 8.259536379517954, 6.8672440005389035, 7.826723715806338, 5.192492949042844, 4.311645251856589, 6.927943173240692, 12.829617227642757, 7.827362631958181, 5.767670158467354, 3.8000705630288394, 6.933312805906667, 6.890676913273751, 4.39607926152587, 4.309566849916791, 8.190413264138783, 3.0610601132857482, 3.541627268975617, 3.271899877476926, 3.9344033254430997, 4.693683325956272, 3.3143711230426334, 2.9038277235724763, 3.6714132064054184, 3.791850611653217, 3.317578961098434, 3.6554471450840538, 4.974141002037868, 4.719260927112714, 3.6688331654788726, 5.343487994662951, 2.919120228709744, 5.3649951781929985, 3.4440959058475755, 4.8957027115448, 4.9169669871938595, 4.863727395775186, 4.223382877132622, 3.3499592658878328, 3.6487983971501308, 2.878481483619794, 2.208739124205863, 3.628386865012999, 3.1005382034652484, 4.995235071108368, 6.223232342671167, 4.70399579187756, 3.7002841765614676, 5.5492083041993965, 4.712533063055616, 3.8677396523594325, 7.631649015218159, 6.931966976502508, 5.32698736494126, 8.506598498504331, 12.215371193605733, 9.440246585711634, 3.1370941289421808, 17.149748859765623, 5.402388023957201, 4.755371236371161, 10.751892692877732, 9.957772517624676, 7.023001836777098, 8.173475998947993, 6.727007892367965, 3.808576187757467, 3.116460644005315, 5.151074161743281, 7.183411701060777, 5.286906281606321, 6.375656182711168, 4.013706761434946, 3.9536935469041055, 2.5361421695351964, 3.810008831069922, 4.1772329456642865, 3.869947633679544], "mean_absolute_error": [NaN, NaN, NaN, NaN, NaN, NaN, NaN, NaN, NaN, NaN, NaN, NaN, NaN, NaN, NaN, NaN, NaN, NaN, NaN, NaN, NaN, NaN, NaN, NaN, NaN, NaN, NaN, NaN, NaN, NaN, NaN, NaN, NaN, NaN, NaN, NaN, NaN, NaN, NaN, NaN, NaN, NaN, NaN, NaN, NaN, NaN, NaN, NaN, NaN, NaN, NaN, NaN, NaN, NaN, NaN, NaN, NaN, NaN, NaN, NaN, NaN, NaN, NaN, NaN, NaN, NaN, NaN, NaN, NaN, NaN, NaN, NaN, NaN, NaN, NaN, NaN, NaN, NaN, NaN, NaN, NaN, NaN, NaN, NaN, NaN, NaN, NaN, NaN, NaN, NaN, NaN, NaN, NaN, NaN, NaN, NaN, NaN, NaN, NaN, NaN, NaN, NaN, NaN, NaN, NaN, NaN, NaN, NaN, NaN, NaN, NaN, NaN, NaN, NaN, NaN, NaN, NaN, NaN, NaN, NaN, NaN, NaN, NaN, NaN, NaN, NaN, NaN, NaN, NaN, NaN, NaN, NaN, NaN, NaN, NaN, NaN, NaN, NaN, NaN, NaN, NaN, NaN, NaN, NaN, NaN, NaN, NaN, NaN, NaN, NaN, NaN, NaN, NaN, NaN, NaN, NaN, NaN, NaN, NaN, NaN, NaN, NaN, NaN, NaN, NaN, NaN, NaN, NaN, NaN, NaN, NaN, NaN, NaN, NaN, NaN, NaN, NaN, NaN, NaN, NaN, NaN, NaN, NaN, NaN, NaN, NaN, NaN, NaN, NaN, NaN, NaN, NaN, NaN, NaN, NaN, NaN, NaN, NaN, NaN, NaN, NaN], "episode": [0, 1, 2, 3, 4, 5, 6, 7, 8, 9, 10, 11, 12, 13, 14, 15, 16, 17, 18, 19, 20, 21, 22, 23, 24, 25, 26, 27, 28, 29, 30, 31, 32, 33, 34, 35, 36, 37, 38, 39, 40, 41, 42, 43, 44, 45, 46, 47, 48, 49, 50, 51, 52, 53, 54, 55, 56, 57, 58, 59, 60, 61, 62, 63, 64, 65, 66, 67, 68, 69, 70, 71, 72, 73, 74, 75, 76, 77, 78, 79, 80, 81, 82, 83, 84, 85, 86, 87, 88, 89, 90, 91, 92, 93, 94, 95, 96, 97, 98, 99, 100, 101, 102, 103, 104, 105, 106, 107, 108, 109, 110, 111, 112, 113, 114, 115, 116, 117, 118, 119, 120, 121, 122, 123, 124, 125, 126, 127, 128, 129, 130, 131, 132, 133, 134, 135, 136, 137, 138, 139, 140, 141, 142, 143, 144, 145, 146, 147, 148, 149, 150, 151, 152, 153, 154, 155, 156, 157, 158, 159, 160, 161, 162, 163, 164, 165, 166, 167, 168, 169, 170, 171, 172, 173, 174, 175, 176, 177, 178, 179, 180, 181, 182, 183, 184, 185, 186, 187, 188, 189, 190, 191, 192, 193, 194, 195, 196, 197, 198, 199, 200],